CD_TIP_ATVD,NM_TIP_ATVD
100,ESTUDAR
101,CONDUZIR
102,"LIBERAR CRÉDITO"
103,"CALCULAR CAPACIDADE PAGAMENTO"
104,"ELABORAR FRO (ATACADO)"
105,"ELABORAR PL"
106,"OBTER APROVAÇÃO DE ADITIVO"
107,CANCELAR
108,"ELABORAR FRO/PAC"
109,"GERAR ARQUIVOS BNF"
110,"EMITIR INSTRUMENTO CRÉDITO"
111,"REGULARIZAR APONTAMENTO"
112,"REGISTRAR FATURAMENTO"
113,"ALTERAR ROTA"
114,FORMALIZAR
115,"ARQUIVAR INSTRUMENTO"
116,"AJUSTAR INFORMAÇÕES NO SISTEMA"
117,VISTORIAR
180,"PRESTAR INFORMAÇÕES"
181,COMUNICAR
182,"ALTERAR ALÇADA"
183,"ANALISAR MIP"
184,"ANALISAR ENQUADRAMENTO"
185,"AJUSTAR INSTRUMENTO DE CRÉDITO"
186,"AJUSTAR ADITIVO"
187,COMPLEMENTAR
188,"VALIDAR DOCUMENTOS"
189,"VALIDAR RECEBIMENTO IC"
190,"VALIDAR REGISTRO ADITIVO"
191,CONVERTER
192,"PRORROGAÇÃO RURAL"
200,"CUMPRIR ORDENS JUDICIAIS"
201,"PREPARAR COBRANÇA JUDICIAL"
202,"PREPARAR COB JUD TERCEIRIZAÇÃO"
203,"CUMPRIR DEMANDA JUDICIAL"
204,"CUMPRIR DEM JUD TERCEIRIZAÇÃO"
205,"REALIZAR CALCULO JUDICIAL"
206,"REALIZAR DEPÓSITO JUDICIAL"
207,"REALIZAR HONRA DE AVAL"
208,"PAGAR HONORÁRIOS E CUSTAS"
209,"CUMPRIR TUTELA/LIMINAR/SENTENC"
210,"PREPARAR SUBSÍDIOS AUDIÊNCIAS"
211,"PREPARAR SUBSÍDIOS CONTESTAÇÃO"
212,"ELABORAR EXTRATOS MERCANTIS"
213,"ACORDO JUDICIAL"
214,"REALIZAR AJUIZAMENTO"
215,"REALIZAR ATIV  JURIDICAS - BNC"
216,"ATENDER SOLICITAÇÃO DA ATIVOS "
217,"ENCAMINHAR DEM. OUTRA UNIDADE"
218,"HONRAR FAMPE"
219,"REALIZAR CONTABILIZAÇÃO"
220,"REALIZAR PREPOSIÇÃO"
221,"ENCAMINHAR PARA AJUIZAMENTO"
222,"EFETUAR RETERCEIRIZAÇÃO"
223,"TERCEIRIZAR CARTAS PRECATÓRIAS"
224,"TERCEIRIZAR ASTEC  JUDICIAL"
225,"RECEPCIONAR OPERAÇÕES  - GERAT"
226,"TERCEIRIZAR PROTESTOS/HABILITA"
227,"REVOGAR TUTELA/LIMINAR"
228,"PESQUISA DE BENS"
229,"COMPLEMENTAR/ DISTR NPJ AUTOR"
230,"COMPLEMENTAR/ DISTR NPJ RÉU"
231,"AJUIZAR BESCRI"
232,"REALIZAR DEPÓSITO NO PORTAL"
233,"ACORDO JUDICIAL JEC"
234,"ELABORAR PRESTAÇÃO DE CONTAS"
235,"IDENTIFICAR OFÍCIOS"
236,"TRATAR INTIMAÇÃO"
237,"CADASTRAR CITAÇÃO"
238,"CADASTRAR NOTIFICAÇÃO TRAB"
239,"TRATAR BACENJUD"
240,"TRIAR OFÍCIOS"
241,"TRATAR PROCON"
242,"TRATAR OFÍCIOS DE DJO"
243,"RESGATAR DJO"
244,"REALIZAR CÁLCULO TRABALHISTA"
245,"EFETUAR CONCI E RECOLHIMENTO"
246,"FORNECER DOC TRABALHISTA"
247,"TRATAR PRÉ-TRIAGEM"
248,"CADASTRAR E DISTRIBUIR NPJ"
249,"TRATAR OFÍCIO"
250,"ATENDER SOLIC ADVOGADO - REJUD"
251,"PROATIVO - PLANOS ECONÔMICOS"
252,"PROATIVO - REVISIONAL"
253,"PROATIVO - ACP RURAL"
254,"PROATIVO - OUTROS"
255,"TRATAR HONORÁRIOS"
256,"PAGAR CUSTOS"
257,"TRATAR OFÍCIOS DIVERSOS"
258,"PREPARAR SUBSÍDIOS MAIS BB"
259,"TRATAR BLOQUEIO DESBLOQ TRANSF"
260,"TRATAR AÇÕES GSV"
261,"TRATAR ENTRADA DIGITAL"
262,"REGULARIZAR PARTES NPJ "
263,"REGULARIZAÇÃO DE PARTES"
264,"TRATAR PROTESTO P/PREFERÊNCIA"
265,"CONDUZIR PROTESTO P/PREFERÊNCI"
266,"NEGOCIAR ACORDO JUDICIAL"
267,"PREPARAR DOCUMENTAÇÃO"
268,"INSERIR DIRF"
269,"APOIO MIDDLE"
270,"CONVERSÃO NEGÓCIOS DJO"
271,"REALIZAR CERTIFICACAO ADM NPJ"
300,"ANALISAR RISCO"
301,"ANALISAR ADERÊNCIA"
310,"FISCALIZAR PNDRS"
400,"CONFECCIONAR (ANTIGO)"
401,"CONFIRMAR FATURAMENTO (ANTIGO)"
402,DIGITALIZAR
403,"REGISTRAR CONDIÇÃO TRIBUTÁRIA"
404,"ANALISAR CONDIÇÃO TRIBUTÁRIA"
405,"ATUALIZAR FATURAMENTO"
410,"ATUALIZAR DADOS CADASTRAIS"
420,REVISAR
430,"ANALISAR RECLAMAÇÃO"
431,"BAIXAR ANOTAÇÃO"
432,"REGISTRAR ANOTAÇÃO"
433,"SOLICITAR REINCLUSÃO"
434,"SOLICITAR DOCUMENTOS"
435,"UNIFICAR CADASTRO"
436,"VINCULAR MCI"
437,"CONFIRMAR FATURAMENTO"
438,"ATUALIZAR DADOS"
439,"ATUALIZAR PODERES"
440,"CONFIRMAR RENDA PESSOA FISICA"
441,"ATUALIZAR D. CADASTRAIS SUBWAY"
442,"ATUALIZAR DIRIGENTES SUBWAY"
443,"PODERES/INSTRUMENTO DE MANDATO"
444,"ATUALIZAR ENDEREÇO"
445,"EXCLUIR CADMUT"
446,CONFECCIONAR
447,"LIBERAR SIUMP1 OPR FORMALIZADA"
448,"SIUMP 1-OP FORMALIZADA"
449,"AJUSTAR SOLICITAÇÃO FGTS"
450,"CONFECCIONAR ADITIVO"
451,"REMONTAR CRONOGRAMA"
452,"TRATAR RECUSAS COF"
453,"TRANSFERIR RECURSOS PJ"
454,COVENANTS
455,"DESENQUADRAMENTO CGU"
456,"REVISAR LAUDO DE VISTORIA"
457,"CONDUZIR SEGUROS"
458,"TRATAR DÚVIDA"
501,"ANALISAR PROJETO"
502,"APOIAR FISCALIZAÇÃO"
503,"ATUALIZAR RTA"
504,"AUTORIZAR DESPESA"
505,"AVALIAR BEM RURAL"
506,"AVALIAR EMPRESA TERCEIRIZADA"
507,"ELABORAR SÚMULA"
508,"ELABORAR PARECER/LAUDO"
509,"ELABORAR RELATÓRIO"
510,"EMITIR ALERTA"
511,"MONITORAR DADOS"
512,"PARTICIPAR DE REUNIÃO"
513,VISTORIAR
514,HOMOLOGAR
515,"ATUALIZAR TABELA"
516,"CONFECCIONAR PLANILHA"
600,FISCALIZAR
601,VISTORIAR
602,"REALIZAR PAGAMENTOS"
603,"AUTORIZAR DESPESAS COM VIAGENS"
604,"AVALIAR EXECUTANTE EXTERNO"
605,"TRATAR IRREGULARIDADE"
606,VALIDAR
607,ANALISAR
608,DESCLASSIFICAR
609,TRIAGEM
700,"ANALISAR PROCESSOS DO PASEP"
701,"REPASSAR RECURSOS"
702,"ENVIAR PROCURAÇÕES P/VALIDAÇÃO"
703,"PRESTAR SUPORTE TÉCNICO GEFIN"
704,"AUXILIAR COBR. TERCEIRIZADA"
705,"CONTROLAR ARRECADAÇÃO ESTADUAL"
706,"CONTROLAR ARRECAD. FEDERAL"
707,"CONTROLAR OPER. DE LEASING"
708,"FORNECER CERTIFICADO DIGITAL"
709,"PRESTAR SUPORTE A SERV. BPB"
710,"CONDUZIR ATIVIDADES DE SEGURO"
711,"EXECUTAR PROTESTO DE TITULOS"
712,"EFETUAR PAGAMENTO DE FGTS"
713,"TRANSFERIR AÇÕES"
714,"ABRIR CONTAS MASSIFICADA"
715,"CONTROLAR ARRECADAÇÃO DE FGTS"
716,"ANALISAR PACOTE DE SERVIÇOS PJ"
717,"ATENDER A CONCESSIONÁRIAS"
718,"GERENCIAR OCORRÊNCIAS EM CNPJ"
719,"CONTROLAR ARRECADAÇÃO MUNICIP"
720,"GERENCIAR CONTRATAÇÕES CDC-ECF"
721,"TRATAR EGT"
722,"ANALISAR PROCESSOS INSS"
723,"TRATAR CTR"
724,"CDC JUDICIAL"
725,"PREPARAR SUBSÍDIOS PROATIVOS"
726,"ANALISAR PROCESSOS DO FGTS"
727,"REGULARIDADE CNPJ"
728,"BACK OFFICE GOVERNO "
729,"PROTESTO DE TITULOS-ATENDER"
730,"PROTESTO DE TITULOS-EFETUAR"
731,ESCRITURAÇÃO
732,"PUBLICIDADE LEGAL"
733,"REPRODUÇÃO DE DOCUMENTOS"
734,"RESPONDER OFICIO ANCINE"
735,"MIDDLE OFFICE OUROCARD"
736,"EXECUTAR ATIVIDADES SETAD"
737,"EXECUTAR ATIVIDADES VRN"
738,"RECOLHER TRIBUTOS 0452"
739,"ATUALIZAR VALOR DEP JUDICIAIS"
740,"TRATAR LEASING DISOFT"
741,TECBAN
742,"CNPJ BB"
743,"MIDDLE OFFICE CONTA JOVEM"
744,"MIDDLE OFFICE CONTA JOVEM"
745,"CONTROLAR ARRECADAÇÃO TRIBUTOS"
746,"CONTRATO DE GRANDES DEPOSITOS"
747,"CADASTRO POSITIVO"
748,"ANALISAR PÓS ÓBITO FEDERAL"
749,"DEPÓSITO EM GARANTIA"
750,"CARTÃO DE PAGAMENTO GOVERNO"
751,LICITAÇÕES-E
752,TARIFAS
753,"INSERIR DIRF"
754,"INSERIR DIRF"
800,"CADASTRAR VISANET"
801,"CONCILIAR CONVÊNIOS CDC"
802,"ANALISAR CONTESTAÇÃO"
803,"CONCILIAR BRASILPREV"
804,"ATENDER BANCO 24 HORAS"
810,"VALIDAR CONTA CORRENTE"
811,"COMPLEMENTAR DADOS"
812,"CONFIRMAR ALTERAÇÃO"
813,"ASSINAR DOCUMENTOS"
814,"EMITIR PARECER"
900,"ANALISAR PF"
901,CONDUZIR
902,"AVALIAR IMÓVEL"
903,"VALIDAR CADASTRO"
904,"RECUPERAR ATIVOS (AL. FIDUC.)"
905,"ANALISAR PJ"
906,"ANALISAR PROJETO"
907,"ANALISAR PASTA MÃE"
908,"PAGAR COBAN"
909,"ANALISAR PROJETO RURAL"
910,"ATUALIZAR CADASTRO"
911,"INCLUIR NOTA VALIDAÇÃO"
912,"LIBERAR RECURSO"
913,"EDITAR CONTRATO"
914,"RETIFICAR LAUDO"
915,"ESTORNAR TARIFA"
916,"EMITIR PARECER"
917,"REEDITAR CONTRATO"
918,"DEVOLVER COP"
919,"COBRAR TARIFA"
920,"LIBERAR HIPOTECA"
921,FATURAR
922,"ACOMPANHAR ATRASO DE OBRA"
923,"ACOMP ATRASO OBRA PNHU - FX 1"
924,"ACOMP IRREGULARIDADES OBRA FX1"
925,"LIBERAR RECURSO PJ"
926,"ENTREGAR EMPREEND PNHU FX1"
927,CREDENCIAR
928,"ATUALIZAR CADASTRO/DEL"
929,"CONFERIR DOCUMENTOS"
930,"RECEBER ADITIVO"
931,"ALTERAR MATRIZ"
932,"ANALISAR DOC ENGENHARIA FX 1"
933,"CONFERIR PLAN COMERCIALIZ FX 1"
934,"NOTIFICAR INFRAEXT/Ñ INCID FX1"
935,"AUTORIZAR RCV"
936,"VERIFICAR CONFORMIDADE"
937,"IMPLANTAR LIMITE DE CRÉDITO"
938,"VERIFICAR CONFORMIDADE BBTS"
939,"CADASTRAR PROCURAÇÃO"
940,"DEVOLVER FGTS"
941,"ANALISAR CCV"
942,"VERIFICAR CONFORMIDADE PF"
943,"CONDUZIR PNHU PJ"
944,"CALCULAR REMUNERAÇÃO MANUAL"
945,"CANC/DISTRATAR/DEVOL OPERAÇÕES"
946,"CONF ADITIVO/REMONT CRONOGRAMA"
947,"RESTITUIR/REGULARIZAR FGTS"
948,"TRATAR TED DEVOLVIDA"
949,"SUBSTITUIR CONSTRUTORA"
950,"NOTIFICAR PROCESSADOR"
951,"FORMALIZAR CONTRATO"
952,"HABILITAR ENTIDADE ORGANIZADOR"
953,"REQUALIFICAR ENTIDADE ORGANIZA"
954,"ANALISAR CONTESTAÇÃO"
955,"CONDUZIR PNHR"
956,"CONFECCIONAR MATRIZ"
957,"APOIO ORIGINAÇÃO"
958,"CONDUZIR PNHU PF"
959,"CONDUZIR PNHU PF - CESUP"
960,"ACOMPANHAR PÓS-OBRA"
961,"AJUSTAR INSTRUMENTO DE CRÉDITO"
962,"INTERV. QUITANTE - PAGAMENTO"
963,"LIBERAÇÃO PF"
964,"APOIO COBAN"
965,"EQUIPAMENTO PÚBLICO 6% FAR"
966,"RECEBER CONTRATO REGISTRADO"
967,"ADITIVAR PJ - ACP"
968,"CONVERTER SAC"
969,"ANALISAR PNHR PJ"
970,"ANALISAR PNHU PJ"
971,"REGISTRO ELETRÔNICO"
972,"AJUSTAR ÍNDICE UPRD"
973,SEGURIDADE
974,"OFERTA ATIVA"
975,"EMIT TERMO PORT./IQ - IMOB VAI"
976,"CONDUZIR DEMANDAS"
977,"CONVERTER SAC REPASSE"
978,"ASSESSORIA ESPECIALIZADA"
1000,"OBTER APROVAÇÃO FRO"
1001,"OBTER APROVAÇÃO PL"
1002,"GERAR ARQUIVOS BNF"
1003,ESTUDAR
1004,"LIBERAR CRÉDITO"
1005,"CALCULAR CAPACIDADE PAGAMENTO"
1006,"EMITIR INSTRUMENTO CRÉDITO"
1007,"REGULARIZAR APONTAMENTO"
1008,"ALTERAR ROTA"
1009,FORMALIZAR
1010,CONDUZIR
1011,VISTORIAR
1012,"ANALISAR MIP"
1013,"ALTERAR ALÇADA"
1014,"ELABORAR ADITIVO"
1015,"AJUSTAR INFORMAÇÕES NO SISTEMA"
1016,"ANALISAR ENQUADRAMENTO"
1017,"AJUSTAR INSTRUMENTO DE CRÉDITO"
1018,"VALIDAR REGISTRO ADITIVO"
1019,"CONDUZIR II (USO PLT BNDES)"
1100,ANALISAR
1101,CONDUZIR
1102,NOTIFICAR
1103,"INSCREVER NA DAU"
1104,"ATENDER DEMANDA INTERNA"
1105,"RESPONDER DEMANDA EXTERNA"
1106,SALVAR
1107,AJUIZAR
1108,CALCULAR
1109,"AJUSTAR SISTEMAS"
1110,"PESQUISAR SITUAÇÃO"
1111,"REGULARIZAR APONTAMENTO"
1112,"ALTERAR CONDIÇÕES PACTUADAS"
1113,"ENCAMINHAR DOCUMENTAÇÃO"
1114,"CAO - ACOMPANHAR"
1115,"CAO - TRATAR DEVOLUÇÃO"
1116,"HONRAR FAMPE"
1117,"ENCAMINHAR AO SEBRAE"
1118,"CONTABILIZAÇÃO FAMPE"
1119,"SUB-ROGAÇÃO SEBRAE"
1120,"RESPONDER DEMANDA FAMPE"
1121,"TRATAR DEVOLUÇÃO SEBRAE"
1122,"SALVAR FAMPE"
1123,"LIQUIDAR OPERAÇÃO"
1124,"ANTECIPAR VENCIMENTO OPERAÇÃO"
1125,"TRATAR DEMANDAS DE APOIO"
1126,"PESQUISAR PREÇO MÍNIMO"
1127,"ATUALIZAR INFORMAÇÕES EGF"
1128,"CALCULAR IGP-DI"
1129,"GERAR ARQUIVO"
1130,"VALIDAR BÔNUS ADIMPLÊNCIA"
1131,"VALIDAR BÔNUS ADIMPLÊNCIA"
1132,"GERAR ARQUIVO"
1133,"CONCEDER BÔNUS ADIMPLÊNCIA"
1200,ATUALIZAR
1300,ATUALIZAR
1501,"ANALISAR PEDIDO"
1502,"RESPONDER OFÍCIO"
1503,"REVISAR ANÁLISE"
1504,"ANALISAR RECURSO"
1505,"ANALISAR DESISTÊNCIA"
1506,"SELEÇÃO PERITO"
1507,"REDESPACHAR PROCESSO"
1508,"MIDDLE OFFICE PROAGRO"
1509,"REVISÃO PAGAMENTO PERITO"
1600,"REGULARIZAR APONTAMENTO"
1700,"PRESTAR CONSULTORIA"
1800,"PRESTAR INFORMAÇÕES FT"
1900,"ABRIR CONTA"
2000,ESTUDAR
2100,"ATUALIZAR CADASTRO"
2101,"VERIFICAR CONFORMIDADE"
2102,"FORMALIZAR OPERAÇÃO"
2103,"ANOTAR RESTRIÇÕES"
2200,"ATUALIZAR CADASTRO"
2300,CONTRATAR
2301,DISTRATAR
2302,ADITIVAR
2303,CADASTRAR
2305,ANALISAR
2308,ATIVAR
2309,CANCELAR
2310,ATENDER
2311,ALTERAR
2312,"CONCILIAR BP"
2313,"CONCILIAR MAIS BB"
2314,"VALIDAR IMAGEM"
2315,EFETIVAR
2316,"ACR CADASTRAR"
2317,"ACR ATIVAR"
2318,"ACR DISTRATAR"
2319,"SUPORTE AOS COBANS"
2320,POUPATEMPO
2321,"REDE MAIS BB"
2322,PRÉ-ANÁLISE
2323,"SUPORTE DE COBANS"
2324,RENOVAR
2325,"ATENDER DEMANDAS CHAVE J"
2400,"ANALISAR PEDIDO"
2500,ATUALIZAR
2501,ANOTAR
2502,CALCULAR
2503,CONTABILIZAR
2504,ESTUDAR
2505,FORMALIZAR
2506,TRATAR
2507,FISCALIZAR
2508,ELABORAR
2510,APRESENTAR
2511,CONFECCIONAR
2512,ACOMPANHAR
2515,INDICAR
2517,PENHORAR
2519,CUMPRIR
2521,PAGAR
2522,EXPROPRIAR
2523,AJUIZAR
2524,HABILITAR
2525,MANIFESTAR
2527,ALTERAR
2528,AVALIAR
2529,"BAIXAR GRAVAMES"
2530,DESEMBARAÇAR
2531,GUARDAR
2532,INVENTARIAR
2533,SOLICITAR
2534,VENDER
2535,RECEBER
2600,ANALISAR
2700,REPACTUAR
2701,PRORROGAR
2702,ATUALIZAR
2800,CONTATAR
2801,ORIGINAR
2802,"LIBERAR CRÉDITO"
2803,COBRANÇA
2804,"CONDUZIR AMPE"
2805,"TRATAR REJEIÇÃO"
2806,"CONDUZIR ALELO"
2807,"ESTUDAR AMPE"
2808,FOPAG
2809,LEIAUTE
2810,CONDUZIR
2900,"CONTRATAR DIRETO"
2901,LICITAR
2902,ADITIVAR
3000,"ACOMP IRREGULARIDADES OBRA"
3001,"ACOMPANHAR ATRASO DE OBRA"
3002,"ANALISAR DOCUMENTAÇÃO ENGENHAR"
3003,"ANALISAR LAUDO"
3004,"ANALISAR PROJETO"
3005,"AVALIAR IMÓVEL"
3006,"CONFERIR PLANILHA COMERCIALIZ"
3007,CREDENCIAR
3008,"MEDIR PROJETO"
3009,REANALISAR
3010,"RETIFICAR LAUDO"
3011,"AUTORIZAR RCV"
3012,"REVISAR LAUDO"
3100,AJUIZAR
3101,"AJUIZAR PJE"
3200,"CONFIRMAR RENDA"
3201,"PODERES/INSTRUMENTO DE MANDATO"
3202,"ATUALIZAR DEMAIS"
3203,"ATUALIZAR CADASTRO COBAN"
3204,"ATUALIZAR CLIENTE PRIVATE"
3300,ATUALIZAR
3301,CALCULAR
3302,"ELABORAR PARECER TÉCNICO"
3303,PROPORCIONALIZAÇÃO
3304,"IMPLANTAÇÃO FOPAG"
3305,PROATIVO
3400,"PESQUISAR EVOLUÇÃO ACIONÁRIA"
3401,"FAZER BAIXA/ARQUIVO DE RELATÓR"
3402,"EFETUAR CONVERSÃO AÇÕES PP"
3403,"ACOMPANHAR/DESPACHAR OTA"
3404,"ACOMPANHAR/DESPACHAR TRANSFERÊ"
3405,"ACOMPANHAR/ATENDER AOF"
3406,"EFETUAR LANÇAMENTO DTA"
3407,"ACOMPANHAR MCI CADASTRAMENTO"
3408,"ACOMPANHAR MCI UNIFICAÇÃO"
3409,"ACOMPANHAR/DESPACHAR PTA"
3410,"CONDUZIR DEMANDAS PGFN"
3411,"TRATAR OCORRÊNCIAS BB ATENDE"
3412,"TRATAR NPJ - PORTAL JURÍDICO"
3413,"ATENDIMENTO TELEFÔNICO"
3414,"TRATAR E-MAIL/CORREIO"
3500,COMPLEMENTAR
3501,"CONCILIAR RA"
3502,EFETIVAR
3503,"CONCILIAR BB-DJO"
3504,CONTROLAR
3505,"CONCILIAR - ANDAMENTO 747"
3506,"CONCILIAR BB-DJO FAVORÁVEL"
3600,"REGULARIZAR OCORRÊNCIAS"
3700,LIBERAÇÃO
3701,CONCILIAÇÃO
3702,"TRATAR OFÍCIOS DE GLOSA"
3703,CONTRATAR
3704,"CONTRATAR CDC IRPF"
3705,DESAVERBAR
3706,"CONTRATAR PORTABILIDADE"
3707,CONVERTER
3708,"CONTRATAR ANTECIPACAO IRPF"
3709,"CONTRATAR PORTABILIDADE"
3710,"CONCILIAÇÃO PORTAL"
3711,CONDUZIR
3712,"AVERBAR RENEGOCIAÇÃO"
3713,"CONTRATAR NOVOS NEGOCIOS"
3800,"ANALISAR INDÍCIOS"
3801,"ANALISAR DEVOLUÇÃO"
3900,RECOLHIMENTO
3901,"OBRIGAÇÕES ACESSÓRIAS"
3902,LEIS
3903,FISCALIZAÇÃO
3904,AUTOMAÇÃO
3905,CTR
3906,PROCESSAMENTO
4000,BALANCETE
4001,EGT
4002,CTR
4003,ESCRITURAÇÃO
4100,"CONDUZIR LICENÇA SAUDE"
4101,"CONDUZIR BOLSAS DE ESTUDOS"
4102,"EDUCAÇÃO - DIVERSOS"
4103,"CONCEDER BOLSAS DE IDIOMAS"
4104,"CERTIFIC PROFISSIONAIS/ LEGAL"
4105,"PAGAMENTO BBTUR"
4106,"ATENDIMENTO (CESSÃO)"
4107,"CONTABILIZAÇÃO (CESSÃO)"
4108,"DISPONIBILIDADE (CESSÃO)"
4109,"EMITIR DOCUMENTAÇÃO TRABALHIST"
4110,"APOIO DIREX"
4111,"GERIR CESSÕES LIBERA PARC AABB"
4112,"CONCEDER BENEFÍCIOS"
4113,"RECUPERAR LOG DO TAO"
4114,"PROCESSAR APOSENT/FALECIMENTO"
4115,"CONCEDER PAS"
4116,"INCLUIR/EXCLUIR DEPENDENTES"
4117,"ENTREGAR CARTÕES CASSI E ALELO"
4118,"CONDUZIR EXONERAÇÃO"
4119,"PROCESSAR AUSÊNCIAS"
4120,"PROCESSAR DESIGNAÇÃO INTERINA"
4121,"CONDUZIR JORN TRAB PTO ELETRON"
4122,"FOPAG GERAL"
4123,"FOPAG RE"
4124,"CONDUZIR FALE COM A GEPES"
4125,"REPASSAR INFORM À TERCEIROS"
4126,"EFETUAR RECOLHIMENTOS"
4127,"CONDUZIR PENSÃO ALIMENTICIA"
4128,"IMPORTAR ÍNDICES"
4129,"RECOLHIMENTOS E INF. A TERCEIR"
4130,"FOPAG DJ"
4131,"CONDUZIR PENHORA JUDICIAL"
4132,"PROCESSAR LICENÇAS"
4133,"PROCESSAR FERIAS"
4134,"CONDUZIR APOSENTADORIA/FALECIM"
4135,"CONDUZIR BOLSAS DE IDIOMAS"
4136,"CERTIFICAÇÃO INTERNACIONAL"
4137,"MBA - TURMA CONTRATADA"
4138,"STRICTU SENSU"
4139,GRADUAÇÃO
4140,"PÓS-GRADUAÇÃO LATO SENSU"
4141,"CERTIFICAÇÃO LEGAL"
4142,"CERTIFICAÇÃO PROFISSIONAL"
4143,"ESTÁGIO FUNCIONÁRIO ESTUDANTE"
4144,"CERTIFICAÇÃO DE CONHECIMENTOS"
4145,"DESPACHO DE RESSARCIMENTOS"
4146,"REGULARIZAR BOLSA DE ESTUDOS"
4147,"CONDUZIR PAGAMENTOS EXCEÇÃO"
4148,"ACOMPANHAR BOLSAS"
4149,"ATENDIMENTO CONTABILIZAÇÃO"
4200,"ABERTURA MASSIFICADA DE CONTAS"
4201,"SOLICITAÇÃO DE RELATÓRIO SOLE"
4202,"CONCILIAÇÃO BANCO POSTAL"
4203,"VISANET CIELO"
4300,"AQG - PROVIDENCIAR"
4301,"CLIENTES - SISBB PROVIDENCIAR"
4302,"AQG - EXPURGAR"
4303,"AQG - CATALOGAR"
4304,"SUPORTE AO USUÁRIO"
4305,ADMINISTRATIVO
4400,"ANALISAR CONTRIB FINANCEIRO"
4500,RESPONDER
4600,"ATIVIDADE TESTE"
4700,"PRESTAR ASSESSORIA ESP"
4800,ATENDIMENTO
4900,"ACORDOS GECOR CONTABILIZACÃO"
4901,"CONTABILIZ OP PERDAS ADMINISTR"
4902,"CONDUÇÃO DE OPERAÇÕES"
4903,"OCORRÊNCIAS RAO"
4904,"ACORDOS GECOR CALCULOS DEMONST"
5000,INVESTIGAR
5100,ANALISAR
5101,NEGOCIAR
5102,OPERACIONALIZAR
5200,CONDUZIR
5201,CONFIRMAÇÃO
5202,CONSOLIDAR
5203,ATUALIZAR
5204,ELABORAR
5205,CAPTURAR
5300,"CONTA CORRENTE"
5301,"ANALISAR CURADORIA"
5400,"115 ALV ABRIR CONTA"
5401,"116 ALV CONTABILIZAR"
5402,"678 ALV SUBSÍDIO"
5500,"LEVANTAR ALVARA JUDICIAL"
5601,FORMALIZAR
5602,"ANALISAR E REGISTRAR"
5604,"CONCEDER OPERAÇÃO"
5605,CONDUZIR
5606,"REGISTRO DE ACEITE"
5607,"REGISTRO DE APE"
5608,"TRIAGEM DE DOCUMENTOS"
5609,"ENTREGA DE DOCUMENTOS"
5610,"DOC. RECEBIDO INCORRETAMENTE"
5700,"COOB VER DOCS"
5701,"IG VER DOCS"
5702,"COOB CÁLCULO"
5703,"IG CÁLCULO"
5704,"VERIFICAÇÃO DOC-DEVOLUCAO"
5705,CÁLCULOS-DEVOLUCAO
5706,"AGRD DOCUMENTAÇAO-DEVOLUCAO"
5707,"T-AGRD DOCUMENTAÇAO-DEVOLUCAO"
5708,"T-TRIAGEM/VERIFICAÇÃO DOC-DEVO"
5709,"T-ELAB. EXTRATOS-DEVOLUCAO"
5710,"T-DISTRIB. ADVOGADO-DEVOLUCAO"
5711,"C.DGTL-AGRD DOCUMENTAÇAO-DEVOL"
5712,"C.DGTL-VERIFICAÇÃO DOC-DEVOLUC"
5713,C.DGTL-CÁLCULOS-DEVOLUCAO
5714,"T-C.DGTL-AGRD DOC-DEVOLUCAO"
5715,"T-C.DGTL-TRIAGEM/VERIFICAÇÃO D"
5716,"T-C.DGTL-ELAB. EXTRATOS-DEVOLU"
5717,"T-C.DGTL-DISTRIB. ADVOGADO-DEV"
5718,"CÁLCULOS BBTS/FE"
5719,"C.DGTL-CÁLCULOS BBTS/FE"
5720,"AGRD DOCUMENTAÇAO-CHECKLIST"
5721,"VERIFICAÇÃO DOC-CHECKLIST"
5722,CÁLCULOS-CHECKLIST
5723,"C.DGTL-AGRD DOCUMENTAÇAO-CHECK"
5724,"C.DGTL-VERIFICAÇÃO DOC-CHECKLI"
5725,C.DGTL-CÁLCULOS-CHECKLIST
5726,"T-AGRD DOCUMENTAÇAO-CHECKLIST"
5727,"T-TRIAGEM/VERIFICAÇÃO DOC-CHEC"
5728,"T-ELAB. EXTRATOS-CHECKLIST"
5729,"T-DISTRIB. ADVOGADO-CHECKLIST"
5730,"T-C.DGTL-AGRD DOC-CHECKLIST"
5731,"T-C.DGTL-TRIAGEM/VERIFICAÇÃO D"
5732,"T-C.DGTL-ELAB. EXTRATOS-CHECKL"
5733,"T-C.DGTL-DISTRIB. ADVOGADO-CHE"
5734,"OP CDC CONSIG-DEV"
5735,"OP CDC CONSIG"
5736,"T-AGRD DOCUMENTAÇAO-CK-VEÍCULO"
5737,"T-TRIAGEM/VERIFICAÇÃO DOC-CK-V"
5738,"T-ELAB. EXTRATOS-CK-VEÍCULO"
5739,"T-DISTRIB. ADVOGADO-CK-VEÍCULO"
5740,"T-C.DGTL-AGRD DOC-CK-VEÍCULO"
5741,"T-C.DGTL-TRIAGEM/VERIFICAÇÃO D"
5742,"T-C.DGTL-ELAB. EXTRATOS-CK-VEÍ"
5743,"T-C.DGTL-DISTRIB. ADVOGADO-CK-"
5744,"T-ELAB. EXTRATOS-ATUALIZAÇÃO"
5745,"T-ELAB. EXTRATOS-ATUALIZAÇÃO-P"
5746,"T-ATND SUBSÍDIO-DOC"
5747,"T-DEV. DOC-CHECKLIST CANCELADO"
5748,"T-AGRD PRAZO BLOQUEIO SUSPENSI"
5749,"SUB - ELABORAR DCC"
5750,"T-SOL. DE BLOQUEIO-DEVOLUÇÃO"
5751,"T-SOL. DE BLOQUEIO-ELAB. EXTRA"
5752,"T-SOL. DE BLOQUEIO-DISTRIB. AD"
5753,"DEV. DOC-CHECKLIST CANCELADO"
5754,"AGRD PRAZO BLOQUEIO SUSPENSIVO"
5800,CÁLCULO
5801,"BAIXA DE RESTRIÇÕES"
5802,DOCUMENTOS
5803,EXTRATOS
5804,INFORMAÇÕES
5805,"ASSIST GRAFOTÉCNICO"
5806,"ASSIST CONTÁBIL"
5807,"ASSIST AVALIAÇÃO JUDICIAL"
5808,PREPOSTO
5809,"AVALIAÇÃO JUDICIAL"
5810,"ELABORAR DCC"
5811,"RED. SUBSÍDIOS"
5812,"AT. SUBSÍDIOS-TRIAGEM"
5813,CÁLCULO
5814,"OPERAÇÕES REC JUD/FALÊNCIA"
5815,"HABILITAÇÃO EM INVENTÁRIO"
5816,"HASTA PÚBLICA"
5817,PREMONITÓRIA
5818,PENHORA
5819,ADJUDICAÇÃO
5820,"MANIF INDIC PENHORA"
5821,"RESPONDER SUBSÍDIO SOBRE HASTA"
5900,"CÁLCULO JUDICIAL"
5901,ALTERAR
5902,DOCUMENTO
5903,"BENEFÍCIO FISCAL"
5904,"CRIAR NPJ"
6000,"ADIMPLÊNCIA OU LIQUIDAÇÃO"
6100,RECORTES
6101,INVENTÁRIO
6102,"RECUP  JUDIC"
6103,"RECUP EXTRA"
6104,FALÊNCIA
6105,"INSOLV CIVIL"
6106,"CALC. HABL DEMAIS"
6107,"EM INVENT (CÁLCULOS)"
6108,"REAL. VÍNC. EM NPJ HAB"
6109,"RECORTES RJ/FALENCIA/INSOLVENC"
6110,"LEITURA VL. ECON DE RJ/FALENCI"
6111,"CONV. EM FALÊNCIA"
6112,"PROT PREFER"
6113,"PRÉ TRIAGEM - HAB RECUP  JUDIC"
6114,"PRÉ-TRIAGEM - HAB RECUP EXTRA"
6115,"PRÉ-TRIAGEM - HAB FALÊNCIA"
6116,"PRÉ-TRIAGEM - HAB INSOLV CIVIL"
6117,"PRÉ TRIAGEM - CONV. EM FALÊNCI"
6200,REBATE
6201,"OPERAÇÃO EM SER"
6202,"REC PARC CÁLCULO MANUAL - PER "
6203,"À VISTA OU À PRAZO"
6204,"OPERAÇÃO EM PERDAS"
6205,"INF. VALOR PARCELA"
6206,"CRÉDITO IMOB PRD"
6300,"TÉCNICA IMÓVEIS"
6301,"OPINIÃO DE VALOR IMÓVEIS"
6302,"TÉCNICA MÓVEIS"
6303,"OPINIÃO DE VALOR MÓVEIS"
6304,"TÉCNICA EMPREENDIMENTOS"
6400,VEÍCULOS
6401,"BENS IMÓVEIS"
6402,"DEMAIS MÓVEIS"
6500,"REALIZAR PÓS FORMALIZAÇÃO ALT."
6501,"CAD OPR RURAL ESCAI"
6502,"CAD VARIAÇÃO ESCAI"
6503,"XER801 REGULARIZAÇÃO"
6504,"CAD OPR CREGE ESCAI"
6505,"HONORÁRIOS E CUSTAS"
6506,"PÓS COP"
6507,"ASSESSORIA PRÉVIA FORMALIZAÇÃO"
6508,PÓS-CONT
6509,"IN 217-LIQUIDAÇÃO OPR EM PERDA"
6510,"ESTORNO REC JUD"
6511,RECONTABILIZAR
6512,"IN 220 RJ E FAL COM VOTO FAVOR"
6513,"IN 220 RJ E FAL COM VOTO DESFA"
6514,"IN 220 FALÊNCIA"
6515,"IN 220 RECUPERAÇÃO EXTRAJUDICI"
6516,"RECUPERAR DESPESAS DE OPERAÇÕE"
6517,"PÓS CONTABILIZAÇÃO PRJ"
6518,"IN 13"
6519,"IN 217"
6520,"OUTRAS IN"
6521,"CESSÃO DE CRÉDITO"
6522,"IN 217-PEC À VISTA"
6600,"ALTERAÇÃO DE GARANTIA"
6601,"ASSUNÇÃO SEC/PESA"
6700,"ALTERAÇÃO DE GARANTIA"
6701,"IN 220 RJ E FAL"
6702,AJUSTAR
6703,"ASSESSORIA PRÉVIA FORMALIZAÇÃO"
6704,"FORMALIZAR PROPOSTA-ESTEIRA EX"
6705,"IN 217"
6706,"IN 217 ATACADO"
6707,"ASSUNÇÃO DE DÍVIDAS"
6708,"IN 13"
6709,"IN 217"
6710,"OUTRAS IN"
6711,"CESSÃO DE CRÉDITO"
6800,"EXAUSTÃO PAT"
6801,CRI-BBTS
6802,"SOLICITAR CERTIDÃO E PESQUISA "
6803,"PATRIMONIAL PRÉ"
6804,"IND COMARCAS"
6805,"SOLICITAR CERTIDÃO OU PESQUISA"
6806,"VALORAR E CADASTRAR BENS – GS"
6807,"SOLICITAR CERTIDÃO DE ÓBITO/IN"
6808,"PAGAMENTO DE CDA"
6809,"ADMINISTRATIVO / FATURAMENTO C"
6810,"CERTIDÃO AÇÃO CÍVEL, IPTU, CRO"
6811,"VALORAR E CADASTRAR BENS – BBT"
6812,"CADASTRAR BENS - GS"
6900,PF
6901,PJ
7000,CÁLCULO
7001,"CÁLCULO-PRÉ 94"
7100,DEMONSTRATIVO
7200,RECALCULO
7201,RECLASSIFICAÇÃO
7300,"DIGITALIZAR DOCS NEGOCIAL"
7301,"DIGITALIZAR DOCS AJZT DIGITAL"
7302,"DIGITALIZAR DOCS AJZT FÍSICO"
7303,"INSCR OPERAÇÃO DAU - FLUXO"
7304,"INSCR OPERAÇÃO DAU - ESTOQUE"
7305,"ATEND SUBSÍDIOS/DMD CENOP DAU"
7400,"BNU ALIENAÇÃO FID IM RURAL"
7401,"BNU ALIENAÇÃO FID IM URBANO"
7402,"BNU ALIENAÇÃO FID IM URBANO"
7403,"BNU ALIENAÇÃO FID IM RURAL"
7404,"BENS MÓVEIS BA"
7405,"BENS MÓVEIS EXEC"
7406,"BENS MÓVEIS RP"
7407,"IMÓVEIS RURAIS CP"
7408,"IMÓVEIS RURAIS EXEC"
7409,"IMÓVEIS URBANOS CP"
7410,"IMÓVEIS URBANOS EXEC"
7411,"SEMOVENTES EXEC"
7412,"VEÍCULOS BA"
7413,"VEÍCULOS EXEC"
7414,"VEÍCULOS RP"
7415,"PAGAR CUSTAS"
7416,"SUB DOCUMENTOS/INFORMAÇÕES"
7417,"EXT DEMONSTRATIVO"
7418,"FORN DOC/INF CRÉDITO IMOBILIÁR"
7419,"FORN DOC/INF BENS MÓVEIS NÃO D"
7420,"FORN DOC/INF BENS IMÓVEIS NÃO "
7500,"ASPECTO LEGAL-ESTOQUE-À REGULA"
7501,"ASPECTO LEGAL-FRAUDE"
7502,"ASPECTO LEGAL-LIMINAR JUDICIAL"
7503,"ASPECTO LEGAL-PRESCRIÇÃO"
7504,"ASPECTO LEGAL-REVISIONAL AGUAR"
7505,"ASPECTO LEGAL-SENTENÇA JUDICIA"
7506,"ASPECTO LEGAL-VEÍCULOS-AJUIZAM"
7507,"ASPECTO LEGAL-VÍCIO DOCUMENTAL"
7508,"ASPECTO LEGAL-BBTS"
7600,"INTIMAR CLIENTES BB"
7601,"INTIMAR CLIENTES BNC"
7602,"INCORPORAR IMÓVEIS"
7603,"INCORPORAR IMÓVEIS - ESTEIRA C"
7604,"PAGAR SERVIÇOS - FIDUCIAL"
7605,"CONSOLIDAÇÃO DE IMV BB"
7606,"RESSARCIMENTO – FIDUCIAL"
7607,"CONSOLIDAÇÃO DE IMV BNC"
7608,"REVISÃO DE KIT"
7609,"CONSOLIDAÇÃO DE IMÓVEIS - ESTE"
7610,ASSESSORIA
7700,801
7701,"BALANCETES ABERTOS"
7702,PRECATÓRIOS
7703,760
7704,PARÂMETROS
7705,"ATL OPR SDO SUPERIOR 25 MI DAT"
7706,"PROV REND SUP 25 MI ULT DIA UT"
7707,"ATL OPR SDO ENTRE 5 MI A 25 MI"
7708,"ATL OPR SDO INFERIOR 5 MI DATA"
7800,"PÓS HABILITAÇÃO DE RJ - ANOTAÇ"
7900,"DEMONSTRATIVO DE DÍVIDAS"
7901,"CÓPIA DO INSTRUMENTO DE CRÉDIT"
7902,"ORIGINAL DO INSTRUMENTO DE CRÉ"
7903,"AJUIZAMENTO - CÓPIAS DE DOCUME"
8000,SUMULA
8100,"ENVIAR COMAG"
8101,"FINIMP DIRETO"
8200,CHEQUES
8201,CLIENTES
8202,CREDITO
8203,"OFICIOS JUDICIALES"
8204,PAGAMENTOS
8205,"PROVISAO E DEFERIMENTOS"
8206,TRANSFERENCIAS
8207,CONTABILIDAD
8300,"FINIMP DIRETO"
